Channel,Email/Contact,Subs,Link,Bio
Quantum Veda,Contact via Link,@quantum-ai-hub,https://www.youtube.com/channel/UCaMsbmyRHA0mkOtYlB9aBaw,Welcome to ...
VEDIC COSMOS,Contact via Link,@MAHAKALKIDUNIYA-123,https://www.youtube.com/channel/UCAnBzzOBbatGphw2306fZxw,Topics We Cover: ...
The Vedic Dimension,Contact via Link,@TheVedicDimension,https://www.youtube.com/channel/UCPOaxrZLageLvRB6V2gG-iw,Where ...
Vedic Science Channel - Dr. Richard L. Thompson,Contact via Link,@SadaputaChannel,https://www.youtube.com/channel/UCsVf1IWHLFeePeXU3tHZFtQ,Vedic...
QuantumGita ,Contact via Link,@QuantumGita,https://www.youtube.com/channel/UC__xOJxuv6WsSlt6xbdMhlA,Quantum...
Vaidic Vigyan,Contact via Link,@VaidicVigyan-u5w,https://www.youtube.com/channel/UCxTbtfZYZnGuwXu9jdeMPuA,Vaidic Vigyan | বৈদিক বিজ্ঞান | वैदिक विज्ञान Welcome to VAIDIC VIGYAN – where Ancient ...
QuantumVedas,Contact via Link,@QuantumVedas08,https://www.youtube.com/channel/UCIAU__4PlhwfuhuA-fd_vUA,Welcome to ...
Beyond Quantum Official,Contact via Link,@beyondquantumofficial,https://www.youtube.com/channel/UCic7T7knHU3so2guchr1P1A,Welcome to Beyond ...
Quantum Veda ,Contact via Link,@QuantumVeda01,https://www.youtube.com/channel/UCYYDsqXm0oXv4zspWKLn_mQ,"वैदिक विज्ञान ,आधुनिक संज्ञान ,सम्पूर्ण समाधान ..."
Quantum Spirituality Lab,Contact via Link,@QuantumSpirituality-lab,https://www.youtube.com/channel/UCZIblWJNMolQAzYs0BO3wMA,Quantum...
